ID,Name,ImageURL
1,John Doe,
2,Jane Smith,
3,Michael Johnson,
4,Emily Davis,
5,Robert Wilson,
6,Sarah Brown,
7,David Martinez,
8,Lisa Anderson,
9,James Taylor,
10,Jennifer Thomas,
11,William Garcia,
12,Maria Rodriguez,
13,Christopher Lee,
14,Patricia White,
15,Daniel Harris,
16,Elizabeth Clark,
17,Matthew Lewis,
18,Susan Walker,
19,Anthony Hall,
20,Margaret Allen,
21,Joshua Young,
22,Dorothy King,
23,Andrew Wright,
24,Nancy Scott,
25,Ryan Green,
26,Karen Adams,
27,Brandon Baker,
28,Betty Nelson,
29,Kevin Hill,
30,Helen Rivera,
31,Jason Campbell,
32,Sandra Mitchell,
33,Justin Roberts,
34,Donna Carter,
35,Aaron Phillips,
36,Carol Evans,
37,Nicholas Turner,
38,Ruth Torres,
39,Eric Parker,
40,Sharon Collins,
41,Stephen Edwards,
42,Michelle Stewart,
43,Jonathan Flores,
44,Laura Morris,
45,Brian Murphy,
46,Kimberly Rogers,
47,George Reed,
48,Deborah Cook,
49,Edward Morgan,
50,Jessica Bell
